상품링크,모델명,상품명
https://search.shopping.naver.com/catalog/35316945627,CGN00965,CGN 락토비프 프로바이오틱스 300억 유산균 60캡슐
https://search.shopping.naver.com/catalog/53547017737,CGN01266,오메가3 800 90캡슐
https://search.shopping.naver.com/catalog/53548645762,DRB00087,"고흡수 마그네슘, 200mg(1정당 100mg), 240정"
https://search.shopping.naver.com/catalog/35343136618,LEX01001,투 퍼 데이 종합비타민 V2 캡슐 120정
https://search.shopping.naver.com/catalog/53548648094,CDL10700,"마그네슘 함유 액상 칼슘,  오렌지 맛, 474 ml(16fl oz)"
https://search.shopping.naver.com/catalog/35324997626,CGN00963,CGN 락토비프 프로바이오틱 50억CFU60베지캡슐 유산균
https://search.shopping.naver.com/catalog/35366201623,CGN01053,"LactoBif 100 프로바이오틱, 1,000억CFU, 베지 캡슐 30정"
https://search.shopping.naver.com/catalog/51929514291,CGN01032,CGN 콜라겐업 히알루론산 비타민C 파우더 무향 464g
https://search.shopping.naver.com/catalog/53648562349,CGN00932,"Gold C, USP 등급 비타민C, 1,000mg, 베지 캡슐 240정"
https://search.shopping.naver.com/catalog/51929493004,NOW04753,"2배 강도 밀크 시슬 추출물,  300mg, 베지 캡슐 200정"
https://search.shopping.naver.com/catalog/35322558619,CGN01065,"비타민D3, 125mcg(5,000IU), 피쉬 젤라틴 소프트젤 90정"
https://search.shopping.naver.com/catalog/53648562365,CGN00931,"Gold C, USP 등급 비타민C, 1,000mg, 베지 캡슐 60정"
https://search.shopping.naver.com/catalog/51929502201,DRB00097,옵티MSM 함유 1500mg 120정 OptiMSM 식이유황
https://search.shopping.naver.com/catalog/53548645758,DRB00025,"고흡수 마그네슘, 200mg(1정당 100mg), 120정"
https://search.shopping.naver.com/catalog/53549707369,NOW00035,L-아르기닌 더블 스트렝스 1000mg 120정
https://search.shopping.naver.com/catalog/35417697618,NFS03543,"WellBetX, 베르베린, 베지 캡슐 120정(캡슐 1정당 500mg)"
https://search.shopping.naver.com/catalog/53546501870,DRB00183,바이오페린 고흡수 코큐텐 100mg 120소프트젤
https://search.shopping.naver.com/catalog/35364009620,CGN01104,CGN 아스타잔틴4개월분 순수아이슬란드산12mg 120소프트젤
https://search.shopping.naver.com/catalog/53531346354,CGN00956,CGN 실리마린 컴플렉스 밀크씨슬 300mg 120베지캡슐
https://search.shopping.naver.com/catalog/51929279795,CGN01033,CGN 콜라겐업 히알루론산 비타민C 파우더 무향 206g
https://search.shopping.naver.com/catalog/54367684736,CGN00946,"꿀벌 프로폴리스 2X, 농축 추출물, 500mg, 베지 캡슐 240정"
https://search.shopping.naver.com/catalog/53547120084,SRE01183,"오메가3 피쉬 오일, 3배 강도, 소프트젤 90정"
https://search.shopping.naver.com/catalog/35341723619,CGN01179,"비타민D3, 50mcg(2,000IU), 피쉬 젤라틴 소프트젤 90정"
https://search.shopping.naver.com/catalog/53547014807,SRE09153,오메가3 피쉬 오일 3배 강도 소프트젤 180정
https://search.shopping.naver.com/catalog/53547025308,CGN01251,오메가800 피쉬오일 EPA/DHA 800mg 30젤
https://search.shopping.naver.com/catalog/35410814619,NWY12285,Natures Way 어린이용 삼부커스 엘더베리 60구미
https://search.shopping.naver.com/catalog/35346002621,CGN01180,비타민D3 50mcg(2000IU)피쉬젤라틴 소프트젤 360정
https://search.shopping.naver.com/catalog/48094808618,LEX17271,"비타민K2 함유 본 리스토어, 캡슐 120정"
https://search.shopping.naver.com/catalog/53599884003,CDL10900,"비타민D3,  베리맛, 30ml (1fl oz)"
https://search.shopping.naver.com/catalog/35325269618,CEN22263,"칼슘 마그네슘 아연 + D3, 90정"
https://search.shopping.naver.com/catalog/53957515104,BGA46015,프로텍티스 베이비드롭 아기유산균 비타민D 10ml
https://search.shopping.naver.com/catalog/53647987528,CGN01203,CGN 100% 분리유형단백질 다크 초콜릿 2.27kg 프로틴
https://search.shopping.naver.com/catalog/53546566786,DRB00370,Doctors BEST 루테맥스2020 루테인 20mg 180소프트젤
https://search.shopping.naver.com/catalog/27733087522,NOW00475,"이노시톨 캡슐, 500mg, 베지 캡슐 100정"
https://search.shopping.naver.com/catalog/53531532360,NOW02933,프로바이오틱-10 250억 베지 캡슐 100정
https://search.shopping.naver.com/catalog/35324664624,LEX01011,"투 퍼 데이 종합비타민, V2, 120정 타블렛"
https://search.shopping.naver.com/catalog/35413926618,NFS04513,"CranRich, 슈퍼 스트렝스, 크랜베리 농축물, 500mg, 캡슐 180정"
https://search.shopping.naver.com/catalog/53647987206,CGN01167,CGN 100% 분리유청 단백질 파우더 무맛 2270g 프로틴
https://search.shopping.naver.com/catalog/29709587624,NOW00474,"비오틴, 5,000mcg, 베지 캡슐 120정"
https://search.shopping.naver.com/catalog/55111536033,PNB00028,땅콩 버터 올드 패션드 크런치 454g(16oz)
https://search.shopping.naver.com/catalog/51929366165,CDL10300,"Essentials, 종합비타민 & 미네랄, 천연 오렌지/망고 맛, 237ml(8fl oz)"
https://search.shopping.naver.com/catalog/56440698430,NOW04795,"밀크시슬 추출물, 최대 강도, 750mg, 베지 캡슐 90정"
https://search.shopping.naver.com/catalog/36140881618,SNS01416,"메가 스트렝스 베타 시토스테롤, 375mg, 120정"
https://search.shopping.naver.com/catalog/53548647097,LEX14591,"마그네슘 캡슐, 500 mg, 100 베지 캡슐"
https://search.shopping.naver.com/catalog/35343453633,NOW01272,"칼슘 및 마그네슘, 250정"
https://search.shopping.naver.com/catalog/53530442328,NOW00175,글루타치온 500mg 30베지캡슐
https://search.shopping.naver.com/catalog/51929219772,CGN01054,"LactoBif 반려동물 프로바이오틱스, 50억 CFU, 베지 캡슐 60정"
https://search.shopping.naver.com/catalog/51929257058,DRB00405,고흡수 코큐텐 바이오페린 100mg 360베지캡슐
https://search.shopping.naver.com/catalog/35316779621,MLI00952,오메가3 프리미엄 피쉬젤라틴 소프트젤 100정
https://search.shopping.naver.com/catalog/53546968145,DRB00369,"Lutemax 2020 함유 루테인, 20mg, 소프트젤 60정"
https://search.shopping.naver.com/catalog/35415438618,DRB00273,"엑스트라 스트렝스 징코, 120mg, 베지 캡슐 360정"
https://search.shopping.naver.com/catalog/29025310588,NOW01294,"마그네슘 시트레이트, 베지 캡슐 120정"
https://search.shopping.naver.com/catalog/35416072619,NOW03230,"크랜베리 캡슐, 베지 캡슐 100정"
https://search.shopping.naver.com/catalog/35368487620,DRB00081,OptiMSM  글루코사민 콘드로이틴 MSM 베지캡슐 240정
https://search.shopping.naver.com/catalog/35368153619,DRB00076,"OptiMSM 함유 MSM 분말, 250g(8.8oz)"
https://search.shopping.naver.com/catalog/35324664618,CGN01330,"오메가3, 프리미엄 피쉬 오일, 피쉬 젤라틴 소프트젤 240정"
https://search.shopping.naver.com/catalog/54312647504,DRB00107,"흡수율이 높은 커큐민, 베지 캡슐 120정(캡슐당 500mg)"
https://search.shopping.naver.com/catalog/53599886523,DRB00333,"Q-C를 함유한 순수 비타민C 분말, 250g(8.8oz)"
https://search.shopping.naver.com/catalog/35326909619,DRB00029,"퀘르세틴 브로멜라인, 베지 캡슐 180정"
https://search.shopping.naver.com/catalog/53549418520,NOW02410,"맥주 효모, 200정"
https://search.shopping.naver.com/catalog/47937439124,AZO10167,"크랜베리, 요로 , 소프트젤 100정"
https://search.shopping.naver.com/catalog/48748417618,CGN02100,Bone Boost 120정
https://search.shopping.naver.com/catalog/48098348619,DRB00300,"Vitashine D3 및 Quatrefolic 함유 종합비타민, 베지 캡슐 90정"
https://search.shopping.naver.com/catalog/35363211619,NOW00068,"L-카르니틴, 1,000mg, 100정"
https://search.shopping.naver.com/catalog/35325780619,NOW04777,"마카, 무가공, 750mg, 베지 캡슐 90정"
https://search.shopping.naver.com/catalog/53531804087,JRW03042,"우먼스 Fem Dophilus, 베지 캡슐 60정"
https://search.shopping.naver.com/catalog/51929191181,CGN00944,"CoQ10, 100mg, 베지 소프트젤 120정"
https://search.shopping.naver.com/catalog/36563743622,NFS03544,"WellBetX 베르베린, 500mg, 베지 캡슐 60정"
https://search.shopping.naver.com/catalog/53547335588,CGN01252,"DHA 700 피쉬 오일, 제약 등급, 1,000mg, 피쉬 젤라틴 소프트젤 30정"
https://search.shopping.naver.com/catalog/53549289863,NOW03033,"베타글루칸, ImmunEnhancer 함유, 엑스트라 스트렝스, 250mg, 베지 캡슐 60정"
https://search.shopping.naver.com/catalog/54368039618,CGN01898,"L-글루타치온(환원형), 500mg, 베지 캡슐 120정"
https://search.shopping.naver.com/catalog/35366617619,NWY15786,"Alive 어린이용 츄어블 종합비타민, 오렌지 & 베리 과일 맛, 츄어블 120정"
https://search.shopping.naver.com/catalog/53530269531,NOW00104,"글루타치온, 500mg, 베지 캡슐 60정"
https://search.shopping.naver.com/catalog/51929613785,DRB00257,"Q-C를 함유한 비타민C, 1,000mg, 베지 캡슐 120정"
https://search.shopping.naver.com/catalog/25274389524,NOW01665,"울트라 오메가3, 500 EPA/250 DHA, 피쉬 소프트젤 180정"
https://search.shopping.naver.com/catalog/39702268477,JRW03024,"Jarro-Dophilus EPS, 100억, 베지 캡슐 120정(캡슐당 50억)"
https://search.shopping.naver.com/catalog/54367632832,CGN01900,S-아세틸 L-글루타치온 100mg 베지 캡슐 120정
https://search.shopping.naver.com/catalog/35368456619,NOW02811,"D-마노스, 500mg, 베지 캡슐 120정"
https://search.shopping.naver.com/catalog/53647991113,GOL11415,RAW 유기농 단백질 유기농 식물 포뮬라 무맛 560g
https://search.shopping.naver.com/catalog/35416886618,LEX18739,"표준화된 유러피안 빌베리 추출물, 100mg, 베지 캡슐 90정"
https://search.shopping.naver.com/catalog/35887756620,NOW03070,"브로멜라인 함유 퀘르세틴, 베지 캡슐 120정"
https://search.shopping.naver.com/catalog/36216592618,LEX16039,"Neuro-Mag, 마그네슘 L-트레온산, 베지 캡슐 90정"
https://search.shopping.naver.com/catalog/51929228950,DRB00327,"Q-C를 함유한 비타민C, 1,000mg, 베지 캡슐 360정"
https://search.shopping.naver.com/catalog/53664308495,CGN01064,스포츠 분리유청단백질 무맛 454g(1lb)
https://search.shopping.naver.com/catalog/51929507810,DRB00329,"고흡수율 CoQ10, BioPerine 함유, 200mg, 베지 캡슐 180정"
https://search.shopping.naver.com/catalog/35911088619,SOR57445,"비타민D3 + K2, 대두 무함유, 베지 캡슐 120정"
https://search.shopping.naver.com/catalog/55565023022,PIF50720,"유기농 목초 사육 오리지널 기, 425g(15oz)"
https://search.shopping.naver.com/catalog/55037999355,AGE12159,"리포소말 글루타치온, 1,000mg, 캡슐 60정(캡슐당 500mg)"
https://search.shopping.naver.com/catalog/35367425620,LEX19251,"Advanced Milk Thistle, 소프트젤 120정"
https://search.shopping.naver.com/catalog/36514982621,LEX19936,"MacuGuard, 사프란 & 아스타잔틴 함유 안구 보충제, 소프트젤 60정"
https://search.shopping.naver.com/catalog/48094301622,LEX23483,"NAD+ 세포 재생제 및 레스베라트롤, NIAGEN 니코틴아미드 리보사이드, 베지 캡슐 30정"
https://search.shopping.naver.com/catalog/55396544476,CGN01202,"스포츠, 다크 초콜릿 분리유청단백질, 907g(2lb)"
https://search.shopping.naver.com/catalog/35326261618,JRW03029,"사카로미세스 보울라디 플러스 MOS, 50억, 지연 방출 베지 캡슐 180정"
https://search.shopping.naver.com/catalog/51385347334,CMV00555,"마누카 꿀, UMF 15+, MGO 514+, 250g(8.8oz)"
https://search.shopping.naver.com/catalog/29437043621,JRW23014,"비건 매스틱 검, 1,000mg, 베지 캡슐 120정"
https://search.shopping.naver.com/catalog/49209826138,CMV00008,"마누카 꿀, UMF 10+, MGO 263+, 500g(17.6oz)"
https://search.shopping.naver.com/catalog/25416771519,NWY10486,네이처스 웨이 삼부커스 구미젤리 엘더베리 구미젤리 60개
https://search.shopping.naver.com/catalog/35909652620,NOW03071,"브로멜라인 함유 퀘르세틴, 베지 캡슐 240정"